last_name,total_amount
Stephens,468591.3499993294
Hillyer,467143.16999933124
